id,src_id,dst_id,quality,last_seen
1,40,1,0.4917,2025-11-15T17:59:18.912027+00:00
2,66,1,0.8575,2025-11-15T17:59:18.912027+00:00
3,27,1,0.7236,2025-11-15T17:59:18.912027+00:00
4,64,3,0.8391,2025-11-15T18:25:18.912027+00:00
5,4,3,0.8896,2025-11-15T18:25:18.912027+00:00
6,16,3,0.9868,2025-11-15T18:25:18.912027+00:00
7,48,3,0.7196,2025-11-15T18:25:18.912027+00:00
8,41,3,0.4755,2025-11-15T18:25:18.912027+00:00
9,32,3,0.7959,2025-11-15T18:25:18.912027+00:00
10,9,3,0.9681,2025-11-15T18:25:18.912027+00:00
11,70,3,0.4991,2025-11-15T18:25:18.912027+00:00
12,12,3,0.7166,2025-11-15T18:25:18.912027+00:00
13,67,3,0.764,2025-11-15T18:25:18.912027+00:00
14,71,4,0.9398,2025-11-15T18:33:18.912027+00:00
15,27,4,0.6709,2025-11-15T18:33:18.912027+00:00
16,41,4,0.5487,2025-11-15T18:33:18.912027+00:00
17,53,4,0.4384,2025-11-15T18:33:18.912027+00:00
18,49,4,0.4126,2025-11-15T18:33:18.912027+00:00
19,58,4,0.7324,2025-11-15T18:33:18.912027+00:00
20,1,5,0.4425,2025-11-15T17:42:18.912027+00:00
21,11,5,0.5428,2025-11-15T17:42:18.912027+00:00
22,9,5,0.8014,2025-11-15T17:42:18.912027+00:00
23,31,5,0.5285,2025-11-15T17:42:18.912027+00:00
24,10,5,0.4794,2025-11-15T17:42:18.912027+00:00
25,6,5,0.9613,2025-11-15T17:42:18.912027+00:00
26,44,5,0.7426,2025-11-15T17:42:18.912027+00:00
27,33,6,0.7921,2025-11-15T18:02:18.912027+00:00
28,62,6,0.7877,2025-11-15T18:02:18.912027+00:00
29,54,6,0.4364,2025-11-15T18:02:18.912027+00:00
30,26,6,0.8369,2025-11-15T18:02:18.912027+00:00
31,14,6,0.8804,2025-11-15T18:02:18.912027+00:00
32,71,6,0.4656,2025-11-15T18:02:18.912027+00:00
33,57,6,0.515,2025-11-15T18:02:18.912027+00:00
34,47,6,0.7218,2025-11-15T18:02:18.912027+00:00
35,56,6,0.4841,2025-11-15T18:02:18.912027+00:00
36,73,6,0.5101,2025-11-15T18:02:18.912027+00:00
37,61,6,0.6776,2025-11-15T18:02:18.912027+00:00
38,69,6,0.9247,2025-11-15T18:02:18.912027+00:00
39,48,6,0.4452,2025-11-15T18:02:18.912027+00:00
40,4,6,0.8848,2025-11-15T18:02:18.912027+00:00
41,45,6,0.9136,2025-11-15T18:02:18.912027+00:00
42,8,7,0.9814,2025-11-15T18:38:18.912027+00:00
43,71,7,0.9558,2025-11-15T18:38:18.912027+00:00
44,2,7,0.9092,2025-11-15T18:38:18.912027+00:00
45,54,8,0.9415,2025-11-15T18:25:18.912027+00:00
46,64,8,0.4988,2025-11-15T18:25:18.912027+00:00
47,63,8,0.4013,2025-11-15T18:25:18.912027+00:00
48,29,8,0.6343,2025-11-15T18:25:18.912027+00:00
49,53,8,0.9559,2025-11-15T18:25:18.912027+00:00
50,38,9,0.6861,2025-11-15T18:38:18.912027+00:00
51,56,9,0.9516,2025-11-15T18:38:18.912027+00:00
52,73,9,0.7187,2025-11-15T18:38:18.912027+00:00
53,64,9,0.4341,2025-11-15T18:38:18.912027+00:00
54,21,9,0.7047,2025-11-15T18:38:18.912027+00:00
55,26,9,0.9108,2025-11-15T18:38:18.912027+00:00
56,39,9,0.4411,2025-11-15T18:38:18.912027+00:00
57,29,9,0.4408,2025-11-15T18:38:18.912027+00:00
58,8,9,0.9171,2025-11-15T18:38:18.912027+00:00
59,67,9,0.6423,2025-11-15T18:38:18.912027+00:00
60,42,9,0.965,2025-11-15T18:38:18.912027+00:00
61,4,9,0.7418,2025-11-15T18:38:18.912027+00:00
62,72,9,0.7474,2025-11-15T18:38:18.912027+00:00
63,69,9,0.4238,2025-11-15T18:38:18.912027+00:00
64,55,10,0.7137,2025-11-15T17:54:18.912027+00:00
65,74,10,0.9608,2025-11-15T17:54:18.912027+00:00
66,42,11,0.6743,2025-11-15T18:05:18.912027+00:00
67,32,11,0.9574,2025-11-15T18:05:18.912027+00:00
68,35,11,0.9614,2025-11-15T18:05:18.912027+00:00
69,52,11,0.4056,2025-11-15T18:05:18.912027+00:00
70,18,11,0.7727,2025-11-15T18:05:18.912027+00:00
71,40,11,0.7378,2025-11-15T18:05:18.912027+00:00
72,10,12,0.7035,2025-11-15T18:11:18.912027+00:00
73,70,12,0.4795,2025-11-15T18:11:18.912027+00:00
74,29,12,0.6094,2025-11-15T18:11:18.912027+00:00
75,33,13,0.571,2025-11-15T17:48:18.912027+00:00
76,49,13,0.6629,2025-11-15T17:48:18.912027+00:00
77,69,14,0.8455,2025-11-15T17:51:18.912027+00:00
78,2,14,0.4933,2025-11-15T17:51:18.912027+00:00
79,72,14,0.5691,2025-11-15T17:51:18.912027+00:00
80,40,14,0.5264,2025-11-15T17:51:18.912027+00:00
81,15,14,0.6057,2025-11-15T17:51:18.912027+00:00
82,19,14,0.8125,2025-11-15T17:51:18.912027+00:00
83,35,14,0.9117,2025-11-15T17:51:18.912027+00:00
84,16,14,0.7032,2025-11-15T17:51:18.912027+00:00
85,71,14,0.5507,2025-11-15T17:51:18.912027+00:00
86,12,15,0.7806,2025-11-15T17:55:18.912027+00:00
87,6,16,0.7365,2025-11-15T18:22:18.912027+00:00
88,1,16,0.4671,2025-11-15T18:22:18.912027+00:00
89,44,16,0.967,2025-11-15T18:22:18.912027+00:00
90,18,16,0.8146,2025-11-15T18:22:18.912027+00:00
91,35,16,0.4894,2025-11-15T18:22:18.912027+00:00
92,22,16,0.4216,2025-11-15T18:22:18.912027+00:00
93,58,16,0.6215,2025-11-15T18:22:18.912027+00:00
94,56,16,0.7315,2025-11-15T18:22:18.912027+00:00
95,18,17,0.8497,2025-11-15T17:51:18.912027+00:00
96,6,17,0.9555,2025-11-15T17:51:18.912027+00:00
97,41,17,0.542,2025-11-15T17:51:18.912027+00:00
98,48,17,0.4975,2025-11-15T17:51:18.912027+00:00
99,74,17,0.8799,2025-11-15T17:51:18.912027+00:00
100,47,17,0.5062,2025-11-15T17:51:18.912027+00:00
101,28,17,0.6474,2025-11-15T17:51:18.912027+00:00
102,33,17,0.5076,2025-11-15T17:51:18.912027+00:00
103,14,17,0.9547,2025-11-15T17:51:18.912027+00:00
104,70,17,0.8694,2025-11-15T17:51:18.912027+00:00
105,54,17,0.647,2025-11-15T17:51:18.912027+00:00
106,64,17,0.8019,2025-11-15T17:51:18.912027+00:00
107,73,17,0.841,2025-11-15T17:51:18.912027+00:00
108,36,18,0.5197,2025-11-15T18:34:18.912027+00:00
109,22,18,0.9511,2025-11-15T18:34:18.912027+00:00
110,14,18,0.6098,2025-11-15T18:34:18.912027+00:00
111,50,18,0.8923,2025-11-15T18:34:18.912027+00:00
112,5,18,0.9228,2025-11-15T18:34:18.912027+00:00
113,62,18,0.5338,2025-11-15T18:34:18.912027+00:00
114,30,18,0.796,2025-11-15T18:34:18.912027+00:00
115,44,19,0.7484,2025-11-15T18:17:18.912027+00:00
116,37,19,0.9901,2025-11-15T18:17:18.912027+00:00
117,9,19,0.423,2025-11-15T18:17:18.912027+00:00
118,74,19,0.7579,2025-11-15T18:17:18.912027+00:00
119,46,19,0.6074,2025-11-15T18:17:18.912027+00:00
120,67,19,0.8719,2025-11-15T18:17:18.912027+00:00
121,53,19,0.6618,2025-11-15T18:17:18.912027+00:00
122,75,19,0.9905,2025-11-15T18:17:18.912027+00:00
123,4,19,0.4694,2025-11-15T18:17:18.912027+00:00
124,15,19,0.9397,2025-11-15T18:17:18.912027+00:00
125,35,19,0.514,2025-11-15T18:17:18.912027+00:00
126,12,19,0.4266,2025-11-15T18:17:18.912027+00:00
127,1,20,0.8001,2025-11-15T18:01:18.912027+00:00
128,68,20,0.5957,2025-11-15T18:01:18.912027+00:00
129,70,20,0.8183,2025-11-15T18:01:18.912027+00:00
130,27,20,0.7326,2025-11-15T18:01:18.912027+00:00
131,48,20,0.5151,2025-11-15T18:01:18.912027+00:00
132,57,20,0.799,2025-11-15T18:01:18.912027+00:00
133,9,20,0.6275,2025-11-15T18:01:18.912027+00:00
134,44,20,0.8489,2025-11-15T18:01:18.912027+00:00
135,42,20,0.5044,2025-11-15T18:01:18.912027+00:00
136,16,20,0.7415,2025-11-15T18:01:18.912027+00:00
137,40,20,0.6436,2025-11-15T18:01:18.912027+00:00
138,34,20,0.9002,2025-11-15T18:01:18.912027+00:00
139,21,20,0.5823,2025-11-15T18:01:18.912027+00:00
140,57,21,0.7067,2025-11-15T18:37:18.912027+00:00
141,43,21,0.8762,2025-11-15T18:37:18.912027+00:00
142,61,21,0.9759,2025-11-15T18:37:18.912027+00:00
143,58,21,0.8416,2025-11-15T18:37:18.912027+00:00
144,72,21,0.7953,2025-11-15T18:37:18.912027+00:00
145,29,21,0.5703,2025-11-15T18:37:18.912027+00:00
146,12,22,0.7668,2025-11-15T18:05:18.912027+00:00
147,32,22,0.8611,2025-11-15T18:05:18.912027+00:00
148,41,22,0.6732,2025-11-15T18:05:18.912027+00:00
149,30,22,0.9317,2025-11-15T18:05:18.912027+00:00
150,27,22,0.7454,2025-11-15T18:05:18.912027+00:00
151,19,22,0.831,2025-11-15T18:05:18.912027+00:00
152,4,22,0.6304,2025-11-15T18:05:18.912027+00:00
153,6,22,0.6398,2025-11-15T18:05:18.912027+00:00
154,33,22,0.4885,2025-11-15T18:05:18.912027+00:00
155,62,22,0.8126,2025-11-15T18:05:18.912027+00:00
156,56,23,0.8825,2025-11-15T17:40:18.912027+00:00
157,30,23,0.8175,2025-11-15T17:40:18.912027+00:00
158,24,23,0.6787,2025-11-15T17:40:18.912027+00:00
159,16,24,0.7676,2025-11-15T18:04:18.912027+00:00
160,60,24,0.8316,2025-11-15T18:04:18.912027+00:00
161,18,24,0.7029,2025-11-15T18:04:18.912027+00:00
162,61,24,0.8983,2025-11-15T18:04:18.912027+00:00
163,69,24,0.7287,2025-11-15T18:04:18.912027+00:00
164,42,24,0.9383,2025-11-15T18:04:18.912027+00:00
165,58,24,0.8462,2025-11-15T18:04:18.912027+00:00
166,59,25,0.9358,2025-11-15T17:59:18.912027+00:00
167,35,25,0.4483,2025-11-15T17:59:18.912027+00:00
168,33,25,0.4905,2025-11-15T17:59:18.912027+00:00
169,37,25,0.6298,2025-11-15T17:59:18.912027+00:00
170,68,25,0.4917,2025-11-15T17:59:18.912027+00:00
171,64,25,0.5284,2025-11-15T17:59:18.912027+00:00
172,32,25,0.6489,2025-11-15T17:59:18.912027+00:00
173,72,25,0.5985,2025-11-15T17:59:18.912027+00:00
174,58,25,0.6796,2025-11-15T17:59:18.912027+00:00
175,10,25,0.4374,2025-11-15T17:59:18.912027+00:00
176,38,25,0.8997,2025-11-15T17:59:18.912027+00:00
177,16,25,0.6337,2025-11-15T17:59:18.912027+00:00
178,18,25,0.8619,2025-11-15T17:59:18.912027+00:00
179,22,25,0.9676,2025-11-15T17:59:18.912027+00:00
180,21,25,0.4117,2025-11-15T17:59:18.912027+00:00
181,63,26,0.4174,2025-11-15T17:44:18.912027+00:00
182,1,26,0.6017,2025-11-15T17:44:18.912027+00:00
183,47,26,0.8075,2025-11-15T17:44:18.912027+00:00
184,40,26,0.6426,2025-11-15T17:44:18.912027+00:00
185,51,26,0.499,2025-11-15T17:44:18.912027+00:00
186,55,26,0.6804,2025-11-15T17:44:18.912027+00:00
187,30,26,0.4766,2025-11-15T17:44:18.912027+00:00
188,64,26,0.7734,2025-11-15T17:44:18.912027+00:00
189,69,26,0.4162,2025-11-15T17:44:18.912027+00:00
190,36,26,0.6364,2025-11-15T17:44:18.912027+00:00
191,57,26,0.7386,2025-11-15T17:44:18.912027+00:00
192,33,26,0.4163,2025-11-15T17:44:18.912027+00:00
193,18,27,0.6275,2025-11-15T18:27:18.912027+00:00
194,61,27,0.8512,2025-11-15T18:27:18.912027+00:00
195,24,27,0.8992,2025-11-15T18:27:18.912027+00:00
196,7,27,0.5514,2025-11-15T18:27:18.912027+00:00
197,35,27,0.4491,2025-11-15T18:27:18.912027+00:00
198,50,27,0.4116,2025-11-15T18:27:18.912027+00:00
199,43,27,0.7237,2025-11-15T18:27:18.912027+00:00
200,29,27,0.9999,2025-11-15T18:27:18.912027+00:00
201,60,27,0.61,2025-11-15T18:27:18.912027+00:00
202,69,27,0.7901,2025-11-15T18:27:18.912027+00:00
203,45,27,0.8687,2025-11-15T18:27:18.912027+00:00
204,70,27,0.7911,2025-11-15T18:27:18.912027+00:00
205,58,27,0.8525,2025-11-15T18:27:18.912027+00:00
206,26,28,0.7384,2025-11-15T18:37:18.912027+00:00
207,3,28,0.5308,2025-11-15T18:37:18.912027+00:00
208,20,28,0.8197,2025-11-15T18:37:18.912027+00:00
209,32,28,0.8601,2025-11-15T18:37:18.912027+00:00
210,17,28,0.5007,2025-11-15T18:37:18.912027+00:00
211,62,28,0.7643,2025-11-15T18:37:18.912027+00:00
212,15,28,0.8488,2025-11-15T18:37:18.912027+00:00
213,21,29,0.7472,2025-11-15T17:50:18.912027+00:00
214,41,29,0.9573,2025-11-15T17:50:18.912027+00:00
215,14,29,0.7455,2025-11-15T17:50:18.912027+00:00
216,52,30,0.7036,2025-11-15T18:34:18.912027+00:00
217,26,30,0.6047,2025-11-15T18:34:18.912027+00:00
218,10,30,0.9097,2025-11-15T18:34:18.912027+00:00
219,33,30,0.8934,2025-11-15T18:34:18.912027+00:00
220,14,30,0.4633,2025-11-15T18:34:18.912027+00:00
221,40,30,0.9765,2025-11-15T18:34:18.912027+00:00
222,16,30,0.7814,2025-11-15T18:34:18.912027+00:00
223,6,30,0.8972,2025-11-15T18:34:18.912027+00:00
224,46,30,0.8244,2025-11-15T18:34:18.912027+00:00
225,56,30,0.6613,2025-11-15T18:34:18.912027+00:00
226,49,30,0.8403,2025-11-15T18:34:18.912027+00:00
227,5,30,0.9793,2025-11-15T18:34:18.912027+00:00
228,70,31,0.5674,2025-11-15T17:44:18.912027+00:00
229,63,31,0.6705,2025-11-15T17:44:18.912027+00:00
230,61,31,0.8503,2025-11-15T17:44:18.912027+00:00
231,57,31,0.7419,2025-11-15T17:44:18.912027+00:00
232,36,31,0.8009,2025-11-15T17:44:18.912027+00:00
233,43,31,0.6018,2025-11-15T17:44:18.912027+00:00
234,33,31,0.6966,2025-11-15T17:44:18.912027+00:00
235,12,31,0.595,2025-11-15T17:44:18.912027+00:00
236,28,32,0.8549,2025-11-15T18:22:18.912027+00:00
237,47,32,0.8144,2025-11-15T18:22:18.912027+00:00
238,35,32,0.7875,2025-11-15T18:22:18.912027+00:00
239,45,32,0.6945,2025-11-15T18:22:18.912027+00:00
240,37,32,0.8758,2025-11-15T18:22:18.912027+00:00
241,71,32,0.4558,2025-11-15T18:22:18.912027+00:00
242,2,32,0.533,2025-11-15T18:22:18.912027+00:00
243,68,32,0.8151,2025-11-15T18:22:18.912027+00:00
244,25,32,0.5837,2025-11-15T18:22:18.912027+00:00
245,11,32,0.7489,2025-11-15T18:22:18.912027+00:00
246,31,32,0.684,2025-11-15T18:22:18.912027+00:00
247,48,32,0.7186,2025-11-15T18:22:18.912027+00:00
248,27,32,0.6553,2025-11-15T18:22:18.912027+00:00
249,33,32,0.8476,2025-11-15T18:22:18.912027+00:00
250,70,32,0.5985,2025-11-15T18:22:18.912027+00:00
251,36,33,0.8348,2025-11-15T17:46:18.912027+00:00
252,41,33,0.986,2025-11-15T17:46:18.912027+00:00
253,34,33,0.7148,2025-11-15T17:46:18.912027+00:00
254,30,33,0.5698,2025-11-15T17:46:18.912027+00:00
255,16,33,0.4603,2025-11-15T17:46:18.912027+00:00
256,25,33,0.5165,2025-11-15T17:46:18.912027+00:00
257,42,33,0.5365,2025-11-15T17:46:18.912027+00:00
258,71,33,0.5077,2025-11-15T17:46:18.912027+00:00
259,24,33,0.4085,2025-11-15T17:46:18.912027+00:00
260,70,33,0.7205,2025-11-15T17:46:18.912027+00:00
261,28,33,0.5646,2025-11-15T17:46:18.912027+00:00
262,49,33,0.9846,2025-11-15T17:46:18.912027+00:00
263,31,33,0.732,2025-11-15T17:46:18.912027+00:00
264,18,33,0.8185,2025-11-15T17:46:18.912027+00:00
265,64,34,0.5706,2025-11-15T18:16:18.912027+00:00
266,14,34,0.6872,2025-11-15T18:16:18.912027+00:00
267,2,34,0.6044,2025-11-15T18:16:18.912027+00:00
268,75,34,0.9793,2025-11-15T18:16:18.912027+00:00
269,63,35,0.4895,2025-11-15T17:57:18.912027+00:00
270,15,35,0.7377,2025-11-15T17:57:18.912027+00:00
271,9,35,0.5823,2025-11-15T17:57:18.912027+00:00
272,53,35,0.9964,2025-11-15T17:57:18.912027+00:00
273,64,35,0.4711,2025-11-15T17:57:18.912027+00:00
274,10,35,0.8587,2025-11-15T17:57:18.912027+00:00
275,7,35,0.7638,2025-11-15T17:57:18.912027+00:00
276,20,35,0.8744,2025-11-15T17:57:18.912027+00:00
277,68,36,0.7412,2025-11-15T17:40:18.912027+00:00
278,50,36,0.4361,2025-11-15T17:40:18.912027+00:00
279,59,36,0.9761,2025-11-15T17:40:18.912027+00:00
280,58,36,0.4595,2025-11-15T17:40:18.912027+00:00
281,40,36,0.8576,2025-11-15T17:40:18.912027+00:00
282,56,36,0.7753,2025-11-15T17:40:18.912027+00:00
283,41,36,0.5588,2025-11-15T17:40:18.912027+00:00
284,21,37,0.5043,2025-11-15T18:35:18.912027+00:00
285,31,37,0.445,2025-11-15T18:35:18.912027+00:00
286,59,39,0.775,2025-11-15T18:24:18.912027+00:00
287,62,39,0.7967,2025-11-15T18:24:18.912027+00:00
288,38,39,0.9602,2025-11-15T18:24:18.912027+00:00
289,5,39,0.6551,2025-11-15T18:24:18.912027+00:00
290,30,39,0.7267,2025-11-15T18:24:18.912027+00:00
291,37,39,0.7886,2025-11-15T18:24:18.912027+00:00
292,70,39,0.945,2025-11-15T18:24:18.912027+00:00
293,60,39,0.896,2025-11-15T18:24:18.912027+00:00
294,10,39,0.4428,2025-11-15T18:24:18.912027+00:00
295,71,39,0.4996,2025-11-15T18:24:18.912027+00:00
296,34,39,0.5846,2025-11-15T18:24:18.912027+00:00
297,52,39,0.8494,2025-11-15T18:24:18.912027+00:00
298,64,39,0.7415,2025-11-15T18:24:18.912027+00:00
299,58,40,0.4483,2025-11-15T18:15:18.912027+00:00
300,16,40,0.4239,2025-11-15T18:15:18.912027+00:00
301,61,40,0.6592,2025-11-15T18:15:18.912027+00:00
302,39,40,0.5934,2025-11-15T18:15:18.912027+00:00
303,53,40,0.5502,2025-11-15T18:15:18.912027+00:00
304,35,40,0.4548,2025-11-15T18:15:18.912027+00:00
305,66,40,0.9771,2025-11-15T18:15:18.912027+00:00
306,65,40,0.9016,2025-11-15T18:15:18.912027+00:00
307,75,40,0.7451,2025-11-15T18:15:18.912027+00:00
308,75,42,0.9982,2025-11-15T18:04:18.912027+00:00
309,6,42,0.6615,2025-11-15T18:04:18.912027+00:00
310,23,42,0.8885,2025-11-15T18:04:18.912027+00:00
311,62,42,0.9814,2025-11-15T18:04:18.912027+00:00
312,68,42,0.682,2025-11-15T18:04:18.912027+00:00
313,58,42,0.645,2025-11-15T18:04:18.912027+00:00
314,36,42,0.5926,2025-11-15T18:04:18.912027+00:00
315,24,42,0.4628,2025-11-15T18:04:18.912027+00:00
316,44,43,0.8881,2025-11-15T18:19:18.912027+00:00
317,54,43,0.7301,2025-11-15T18:19:18.912027+00:00
318,65,43,0.6729,2025-11-15T18:19:18.912027+00:00
319,37,43,0.5887,2025-11-15T18:19:18.912027+00:00
320,53,43,0.594,2025-11-15T18:19:18.912027+00:00
321,67,44,0.431,2025-11-15T17:50:18.912027+00:00
322,1,44,0.5602,2025-11-15T17:50:18.912027+00:00
323,71,44,0.4786,2025-11-15T17:50:18.912027+00:00
324,61,44,0.5728,2025-11-15T17:50:18.912027+00:00
325,54,44,0.9285,2025-11-15T17:50:18.912027+00:00
326,7,44,0.6908,2025-11-15T17:50:18.912027+00:00
327,25,44,0.4173,2025-11-15T17:50:18.912027+00:00
328,68,44,0.778,2025-11-15T17:50:18.912027+00:00
329,48,44,0.8796,2025-11-15T17:50:18.912027+00:00
330,65,44,0.8259,2025-11-15T17:50:18.912027+00:00
331,58,44,0.5865,2025-11-15T17:50:18.912027+00:00
332,50,44,0.4082,2025-11-15T17:50:18.912027+00:00
333,12,45,0.9881,2025-11-15T17:47:18.912027+00:00
334,29,45,0.5462,2025-11-15T17:47:18.912027+00:00
335,15,45,0.7308,2025-11-15T17:47:18.912027+00:00
336,61,45,0.6302,2025-11-15T17:47:18.912027+00:00
337,16,45,0.9531,2025-11-15T17:47:18.912027+00:00
338,20,45,0.7049,2025-11-15T17:47:18.912027+00:00
339,65,45,0.9276,2025-11-15T17:47:18.912027+00:00
340,38,45,0.9184,2025-11-15T17:47:18.912027+00:00
341,67,45,0.5657,2025-11-15T17:47:18.912027+00:00
342,35,45,0.874,2025-11-15T17:47:18.912027+00:00
343,55,45,0.649,2025-11-15T17:47:18.912027+00:00
344,69,45,0.9605,2025-11-15T17:47:18.912027+00:00
345,31,45,0.7046,2025-11-15T17:47:18.912027+00:00
346,39,47,0.6732,2025-11-15T18:35:18.912027+00:00
347,64,47,0.5931,2025-11-15T18:35:18.912027+00:00
348,20,47,0.5132,2025-11-15T18:35:18.912027+00:00
349,59,47,0.8185,2025-11-15T18:35:18.912027+00:00
350,70,47,0.7431,2025-11-15T18:35:18.912027+00:00
351,63,47,0.5401,2025-11-15T18:35:18.912027+00:00
352,45,47,0.8653,2025-11-15T18:35:18.912027+00:00
353,43,47,0.4262,2025-11-15T18:35:18.912027+00:00
354,50,47,0.8468,2025-11-15T18:35:18.912027+00:00
355,51,48,0.8335,2025-11-15T17:39:18.912027+00:00
356,20,48,0.646,2025-11-15T17:39:18.912027+00:00
357,65,48,0.7929,2025-11-15T17:39:18.912027+00:00
358,5,48,0.4926,2025-11-15T17:39:18.912027+00:00
359,17,48,0.6817,2025-11-15T17:39:18.912027+00:00
360,66,48,0.9815,2025-11-15T17:39:18.912027+00:00
361,43,48,0.6031,2025-11-15T17:39:18.912027+00:00
362,13,48,0.8156,2025-11-15T17:39:18.912027+00:00
363,58,48,0.7899,2025-11-15T17:39:18.912027+00:00
364,68,48,0.9111,2025-11-15T17:39:18.912027+00:00
365,60,48,0.9114,2025-11-15T17:39:18.912027+00:00
366,1,48,0.9156,2025-11-15T17:39:18.912027+00:00
367,41,49,0.7802,2025-11-15T17:54:18.912027+00:00
368,64,49,0.9235,2025-11-15T17:54:18.912027+00:00
369,71,49,0.6662,2025-11-15T17:54:18.912027+00:00
370,5,49,0.8164,2025-11-15T17:54:18.912027+00:00
371,9,49,0.9421,2025-11-15T17:54:18.912027+00:00
372,31,49,0.4276,2025-11-15T17:54:18.912027+00:00
373,37,49,0.8777,2025-11-15T17:54:18.912027+00:00
374,30,49,0.576,2025-11-15T17:54:18.912027+00:00
375,12,49,0.6249,2025-11-15T17:54:18.912027+00:00
376,57,49,0.4873,2025-11-15T17:54:18.912027+00:00
377,13,49,0.7187,2025-11-15T17:54:18.912027+00:00
378,50,49,0.7396,2025-11-15T17:54:18.912027+00:00
379,22,50,0.6986,2025-11-15T17:58:18.912027+00:00
380,23,50,0.7499,2025-11-15T17:58:18.912027+00:00
381,11,50,0.5393,2025-11-15T17:58:18.912027+00:00
382,49,50,0.7827,2025-11-15T17:58:18.912027+00:00
383,31,50,0.6757,2025-11-15T17:58:18.912027+00:00
384,37,52,0.6899,2025-11-15T18:10:18.912027+00:00
385,71,52,0.5423,2025-11-15T18:10:18.912027+00:00
386,21,52,0.7432,2025-11-15T18:10:18.912027+00:00
387,10,52,0.7449,2025-11-15T18:10:18.912027+00:00
388,58,52,0.9956,2025-11-15T18:10:18.912027+00:00
389,45,52,0.5771,2025-11-15T18:10:18.912027+00:00
390,39,52,0.9868,2025-11-15T18:10:18.912027+00:00
391,56,52,0.7949,2025-11-15T18:10:18.912027+00:00
392,33,52,0.5647,2025-11-15T18:10:18.912027+00:00
393,60,52,0.7396,2025-11-15T18:10:18.912027+00:00
394,69,52,0.8115,2025-11-15T18:10:18.912027+00:00
395,13,52,0.8468,2025-11-15T18:10:18.912027+00:00
396,25,52,0.4294,2025-11-15T18:10:18.912027+00:00
397,68,52,0.7638,2025-11-15T18:10:18.912027+00:00
398,37,53,0.4788,2025-11-15T18:31:18.912027+00:00
399,30,53,0.9458,2025-11-15T18:31:18.912027+00:00
400,46,53,0.596,2025-11-15T18:31:18.912027+00:00
401,29,53,0.6493,2025-11-15T18:31:18.912027+00:00
402,25,53,0.5205,2025-11-15T18:31:18.912027+00:00
403,33,53,0.8719,2025-11-15T18:31:18.912027+00:00
404,18,53,0.9259,2025-11-15T18:31:18.912027+00:00
405,13,53,0.6195,2025-11-15T18:31:18.912027+00:00
406,6,53,0.7011,2025-11-15T18:31:18.912027+00:00
407,40,53,0.5635,2025-11-15T18:31:18.912027+00:00
408,58,53,0.4987,2025-11-15T18:31:18.912027+00:00
409,3,53,0.9484,2025-11-15T18:31:18.912027+00:00
410,38,53,0.9665,2025-11-15T18:31:18.912027+00:00
411,24,53,0.9804,2025-11-15T18:31:18.912027+00:00
412,47,53,0.5771,2025-11-15T18:31:18.912027+00:00
413,15,54,0.5587,2025-11-15T18:04:18.912027+00:00
414,61,54,0.4742,2025-11-15T18:04:18.912027+00:00
415,10,54,0.6212,2025-11-15T18:04:18.912027+00:00
416,19,54,0.8494,2025-11-15T18:04:18.912027+00:00
417,29,54,0.5573,2025-11-15T18:04:18.912027+00:00
418,51,54,0.6286,2025-11-15T18:04:18.912027+00:00
419,47,54,0.7831,2025-11-15T18:04:18.912027+00:00
420,12,54,0.6229,2025-11-15T18:04:18.912027+00:00
421,70,54,0.8049,2025-11-15T18:04:18.912027+00:00
422,2,54,0.6829,2025-11-15T18:04:18.912027+00:00
423,29,55,0.9976,2025-11-15T17:52:18.912027+00:00
424,9,55,0.4697,2025-11-15T17:52:18.912027+00:00
425,61,55,0.5409,2025-11-15T17:52:18.912027+00:00
426,39,55,0.7225,2025-11-15T17:52:18.912027+00:00
427,53,55,0.6332,2025-11-15T17:52:18.912027+00:00
428,15,55,0.6226,2025-11-15T17:52:18.912027+00:00
429,18,55,0.9696,2025-11-15T17:52:18.912027+00:00
430,6,55,0.8179,2025-11-15T17:52:18.912027+00:00
431,5,55,0.7241,2025-11-15T17:52:18.912027+00:00
432,72,55,0.7524,2025-11-15T17:52:18.912027+00:00
433,54,56,0.9634,2025-11-15T17:42:18.912027+00:00
434,13,56,0.5678,2025-11-15T17:42:18.912027+00:00
435,64,56,0.8142,2025-11-15T17:42:18.912027+00:00
436,53,56,0.5304,2025-11-15T17:42:18.912027+00:00
437,31,57,0.6728,2025-11-15T18:16:18.912027+00:00
438,47,57,0.7977,2025-11-15T18:16:18.912027+00:00
439,13,57,0.785,2025-11-15T18:16:18.912027+00:00
440,48,57,0.7583,2025-11-15T18:16:18.912027+00:00
441,71,57,0.4128,2025-11-15T18:16:18.912027+00:00
442,46,57,0.8721,2025-11-15T18:16:18.912027+00:00
443,8,57,0.5461,2025-11-15T18:16:18.912027+00:00
444,51,57,0.4756,2025-11-15T18:16:18.912027+00:00
445,36,57,0.7387,2025-11-15T18:16:18.912027+00:00
446,25,57,0.4412,2025-11-15T18:16:18.912027+00:00
447,16,57,0.8591,2025-11-15T18:16:18.912027+00:00
448,62,57,0.5243,2025-11-15T18:16:18.912027+00:00
449,55,57,0.5296,2025-11-15T18:16:18.912027+00:00
450,53,57,0.9218,2025-11-15T18:16:18.912027+00:00
451,19,58,0.4089,2025-11-15T18:31:18.912027+00:00
452,1,58,0.874,2025-11-15T18:31:18.912027+00:00
453,36,58,0.5428,2025-11-15T18:31:18.912027+00:00
454,75,58,0.5943,2025-11-15T18:31:18.912027+00:00
455,17,58,0.5045,2025-11-15T18:31:18.912027+00:00
456,33,58,0.4314,2025-11-15T18:31:18.912027+00:00
457,23,58,0.845,2025-11-15T18:31:18.912027+00:00
458,15,58,0.7157,2025-11-15T18:31:18.912027+00:00
459,4,58,0.8474,2025-11-15T18:31:18.912027+00:00
460,71,58,0.6857,2025-11-15T18:31:18.912027+00:00
461,67,59,0.9992,2025-11-15T18:34:18.912027+00:00
462,14,59,0.9084,2025-11-15T18:34:18.912027+00:00
463,58,59,0.6558,2025-11-15T18:34:18.912027+00:00
464,66,59,0.4648,2025-11-15T18:34:18.912027+00:00
465,29,59,0.8274,2025-11-15T18:34:18.912027+00:00
466,6,59,0.6661,2025-11-15T18:34:18.912027+00:00
467,68,59,0.9396,2025-11-15T18:34:18.912027+00:00
468,39,59,0.5933,2025-11-15T18:34:18.912027+00:00
469,60,59,0.489,2025-11-15T18:34:18.912027+00:00
470,4,59,0.4757,2025-11-15T18:34:18.912027+00:00
471,8,59,0.7746,2025-11-15T18:34:18.912027+00:00
472,49,60,0.6709,2025-11-15T17:44:18.912027+00:00
473,69,60,0.5371,2025-11-15T17:44:18.912027+00:00
474,38,60,0.6034,2025-11-15T17:44:18.912027+00:00
475,59,60,0.6721,2025-11-15T17:44:18.912027+00:00
476,66,60,0.6496,2025-11-15T17:44:18.912027+00:00
477,56,60,0.4571,2025-11-15T17:44:18.912027+00:00
478,13,60,0.6561,2025-11-15T17:44:18.912027+00:00
479,15,60,0.7991,2025-11-15T17:44:18.912027+00:00
480,28,60,0.6246,2025-11-15T17:44:18.912027+00:00
481,70,60,0.4916,2025-11-15T17:44:18.912027+00:00
482,9,61,0.9647,2025-11-15T17:59:18.912027+00:00
483,12,61,0.6538,2025-11-15T17:59:18.912027+00:00
484,11,61,0.9495,2025-11-15T17:59:18.912027+00:00
485,74,61,0.4309,2025-11-15T17:59:18.912027+00:00
486,56,61,0.5726,2025-11-15T17:59:18.912027+00:00
487,13,61,0.5875,2025-11-15T17:59:18.912027+00:00
488,48,61,0.4622,2025-11-15T17:59:18.912027+00:00
489,17,61,0.7044,2025-11-15T17:59:18.912027+00:00
490,8,61,0.4928,2025-11-15T17:59:18.912027+00:00
491,43,61,0.6893,2025-11-15T17:59:18.912027+00:00
492,16,61,0.9084,2025-11-15T17:59:18.912027+00:00
493,27,61,0.6101,2025-11-15T17:59:18.912027+00:00
494,23,61,0.7338,2025-11-15T17:59:18.912027+00:00
495,71,61,0.4689,2025-11-15T17:59:18.912027+00:00
496,66,61,0.5671,2025-11-15T17:59:18.912027+00:00
497,55,62,0.564,2025-11-15T17:56:18.912027+00:00
498,73,62,0.8574,2025-11-15T17:56:18.912027+00:00
499,74,62,0.9529,2025-11-15T17:56:18.912027+00:00
500,4,62,0.6106,2025-11-15T17:56:18.912027+00:00
501,35,62,0.5088,2025-11-15T17:56:18.912027+00:00
502,72,62,0.486,2025-11-15T17:56:18.912027+00:00
503,24,62,0.7944,2025-11-15T17:56:18.912027+00:00
504,19,63,0.4551,2025-11-15T18:35:18.912027+00:00
505,4,63,0.7183,2025-11-15T18:35:18.912027+00:00
506,54,64,0.7707,2025-11-15T18:01:18.912027+00:00
507,59,64,0.8044,2025-11-15T18:01:18.912027+00:00
508,44,64,0.5633,2025-11-15T18:01:18.912027+00:00
509,21,64,0.7972,2025-11-15T18:01:18.912027+00:00
510,48,64,0.6914,2025-11-15T18:01:18.912027+00:00
511,40,64,0.6652,2025-11-15T18:01:18.912027+00:00
512,42,64,0.5639,2025-11-15T18:01:18.912027+00:00
513,11,64,0.853,2025-11-15T18:01:18.912027+00:00
514,7,64,0.4683,2025-11-15T18:01:18.912027+00:00
515,20,64,0.6579,2025-11-15T18:01:18.912027+00:00
516,72,64,0.5699,2025-11-15T18:01:18.912027+00:00
517,49,64,0.8071,2025-11-15T18:01:18.912027+00:00
518,69,65,0.472,2025-11-15T18:06:18.912027+00:00
519,40,65,0.6984,2025-11-15T18:06:18.912027+00:00
520,6,65,0.6584,2025-11-15T18:06:18.912027+00:00
521,29,65,0.4775,2025-11-15T18:06:18.912027+00:00
522,51,65,0.7195,2025-11-15T18:06:18.912027+00:00
523,8,65,0.5381,2025-11-15T18:06:18.912027+00:00
524,1,65,0.7352,2025-11-15T18:06:18.912027+00:00
525,27,65,0.8008,2025-11-15T18:06:18.912027+00:00
526,39,65,0.6125,2025-11-15T18:06:18.912027+00:00
527,28,65,0.6382,2025-11-15T18:06:18.912027+00:00
528,18,65,0.8452,2025-11-15T18:06:18.912027+00:00
529,49,65,0.6617,2025-11-15T18:06:18.912027+00:00
530,17,65,0.6759,2025-11-15T18:06:18.912027+00:00
531,19,65,0.4467,2025-11-15T18:06:18.912027+00:00
532,21,65,0.5878,2025-11-15T18:06:18.912027+00:00
533,75,66,0.9067,2025-11-15T18:04:18.912027+00:00
534,52,66,0.546,2025-11-15T18:04:18.912027+00:00
535,54,66,0.7533,2025-11-15T18:04:18.912027+00:00
536,38,66,0.7144,2025-11-15T18:04:18.912027+00:00
537,15,66,0.6375,2025-11-15T18:04:18.912027+00:00
538,74,66,0.5862,2025-11-15T18:04:18.912027+00:00
539,3,66,0.6037,2025-11-15T18:04:18.912027+00:00
540,42,66,0.5998,2025-11-15T18:04:18.912027+00:00
541,22,66,0.5009,2025-11-15T18:04:18.912027+00:00
542,59,66,0.7063,2025-11-15T18:04:18.912027+00:00
543,47,66,0.4684,2025-11-15T18:04:18.912027+00:00
544,6,66,0.706,2025-11-15T18:04:18.912027+00:00
545,28,66,0.9436,2025-11-15T18:04:18.912027+00:00
546,45,67,0.9708,2025-11-15T18:39:18.912027+00:00
547,19,67,0.7768,2025-11-15T18:39:18.912027+00:00
548,31,67,0.6784,2025-11-15T18:39:18.912027+00:00
549,14,67,0.7382,2025-11-15T18:39:18.912027+00:00
550,74,67,0.7477,2025-11-15T18:39:18.912027+00:00
551,33,67,0.8087,2025-11-15T18:39:18.912027+00:00
552,26,67,0.9292,2025-11-15T18:39:18.912027+00:00
553,23,67,0.7858,2025-11-15T18:39:18.912027+00:00
554,20,67,0.9919,2025-11-15T18:39:18.912027+00:00
555,10,67,0.5939,2025-11-15T18:39:18.912027+00:00
556,68,67,0.9826,2025-11-15T18:39:18.912027+00:00
557,20,68,0.4445,2025-11-15T18:32:18.912027+00:00
558,57,68,0.677,2025-11-15T18:32:18.912027+00:00
559,9,68,0.4226,2025-11-15T18:32:18.912027+00:00
560,61,68,0.6212,2025-11-15T18:32:18.912027+00:00
561,74,68,0.5722,2025-11-15T18:32:18.912027+00:00
562,39,68,0.7868,2025-11-15T18:32:18.912027+00:00
563,36,68,0.9864,2025-11-15T18:32:18.912027+00:00
564,8,68,0.4542,2025-11-15T18:32:18.912027+00:00
565,46,68,0.7564,2025-11-15T18:32:18.912027+00:00
566,65,68,0.6307,2025-11-15T18:32:18.912027+00:00
567,58,69,0.9454,2025-11-15T18:05:18.912027+00:00
568,42,70,0.4621,2025-11-15T17:50:18.912027+00:00
569,61,70,0.9395,2025-11-15T17:50:18.912027+00:00
570,65,70,0.6061,2025-11-15T17:50:18.912027+00:00
571,20,70,0.8286,2025-11-15T17:50:18.912027+00:00
572,8,70,0.7027,2025-11-15T17:50:18.912027+00:00
573,58,70,0.5035,2025-11-15T17:50:18.912027+00:00
574,57,71,0.9508,2025-11-15T18:32:18.912027+00:00
575,75,71,0.6324,2025-11-15T18:32:18.912027+00:00
576,68,71,0.8647,2025-11-15T18:32:18.912027+00:00
577,67,71,0.8073,2025-11-15T18:32:18.912027+00:00
578,21,71,0.4314,2025-11-15T18:32:18.912027+00:00
579,47,71,0.7785,2025-11-15T18:32:18.912027+00:00
580,48,71,0.6008,2025-11-15T18:32:18.912027+00:00
581,13,72,0.5861,2025-11-15T18:29:18.912027+00:00
582,73,72,0.7936,2025-11-15T18:29:18.912027+00:00
583,50,72,0.7973,2025-11-15T18:29:18.912027+00:00
584,37,72,0.4774,2025-11-15T18:29:18.912027+00:00
585,33,72,0.8253,2025-11-15T18:29:18.912027+00:00
586,20,72,0.4508,2025-11-15T18:29:18.912027+00:00
587,43,72,0.7354,2025-11-15T18:29:18.912027+00:00
588,11,72,0.7861,2025-11-15T18:29:18.912027+00:00
589,19,72,0.5971,2025-11-15T18:29:18.912027+00:00
590,45,72,0.4767,2025-11-15T18:29:18.912027+00:00
591,55,73,0.6171,2025-11-15T17:53:18.912027+00:00
592,66,73,0.6176,2025-11-15T17:53:18.912027+00:00
593,28,74,1.0,2025-11-15T18:23:18.912027+00:00
594,44,74,0.493,2025-11-15T18:23:18.912027+00:00
595,63,74,0.5775,2025-11-15T18:23:18.912027+00:00
596,25,74,0.8729,2025-11-15T18:23:18.912027+00:00
597,29,74,0.7046,2025-11-15T18:23:18.912027+00:00
598,44,75,0.9258,2025-11-15T17:51:18.912027+00:00
