id,name,spam_score,last_seen
1,Ana Isabel Lopez,0.1113,2025-11-27T03:41:13.564828+00:00
2,Ana Isabel Rivera,0.275,2025-11-27T03:34:13.564828+00:00
3,Ana Isabel Gonzalez,0.1395,2025-11-27T04:07:13.564828+00:00
4,Ana Isabel Torres,0.6767,2025-11-27T04:15:13.564828+00:00
5,Ana Isabel Ramirez,0.5454,2025-11-27T03:24:13.564828+00:00
6,Ana Isabel Fernandez,0.4219,2025-11-27T03:44:13.564828+00:00
7,Ana Isabel Martinez,0.0937,2025-11-27T04:20:13.564828+00:00
8,Ana Isabel Hernandez,0.5054,2025-11-27T04:07:13.564828+00:00
9,Ana Antonio Lopez,0.5612,2025-11-27T04:20:13.564828+00:00
10,Ana Antonio Rivera,0.6499,2025-11-27T03:36:13.564828+00:00
11,Ana Antonio Gonzalez,0.4195,2025-11-27T03:47:13.564828+00:00
12,Ana Antonio Torres,0.5893,2025-11-27T03:53:13.564828+00:00
13,Ana Antonio Ramirez,0.8693,2025-11-27T03:30:13.564828+00:00
14,Ana Antonio Fernandez,0.8058,2025-11-27T03:33:13.564828+00:00
15,Ana Antonio Martinez,0.4226,2025-11-27T03:37:13.564828+00:00
16,Ana Antonio Hernandez,0.1555,2025-11-27T04:04:13.564828+00:00
17,Ana Raul Lopez,0.3366,2025-11-27T03:33:13.564828+00:00
18,Ana Raul Rivera,0.3799,2025-11-27T04:16:13.564828+00:00
19,Ana Raul Gonzalez,0.8475,2025-11-27T03:59:13.564828+00:00
20,Ana Raul Torres,0.2645,2025-11-27T03:43:13.564828+00:00
21,Ana Raul Ramirez,0.7297,2025-11-27T04:19:13.564828+00:00
22,Ana Raul Fernandez,0.1248,2025-11-27T03:47:13.564828+00:00
23,Ana Raul Martinez,0.3785,2025-11-27T03:22:13.564828+00:00
24,Ana Raul Hernandez,0.2932,2025-11-27T03:46:13.564828+00:00
25,Ana Elena Lopez,0.6185,2025-11-27T03:41:13.564828+00:00
26,Ana Elena Rivera,0.3616,2025-11-27T03:26:13.564828+00:00
27,Ana Elena Gonzalez,0.7046,2025-11-27T04:09:13.564828+00:00
28,Ana Elena Torres,0.6613,2025-11-27T04:19:13.564828+00:00
29,Ana Elena Ramirez,0.2894,2025-11-27T03:32:13.564828+00:00
30,Ana Elena Fernandez,0.8553,2025-11-27T04:16:13.564828+00:00
31,Ana Elena Martinez,0.101,2025-11-27T03:26:13.564828+00:00
32,Ana Elena Hernandez,0.4534,2025-11-27T04:04:13.564828+00:00
33,Ana Martin Lopez,0.3648,2025-11-27T03:28:13.564828+00:00
34,Ana Martin Rivera,0.3553,2025-11-27T03:58:13.564828+00:00
35,Ana Martin Gonzalez,0.267,2025-11-27T03:39:13.564828+00:00
36,Ana Martin Torres,0.6835,2025-11-27T03:22:13.564828+00:00
37,Ana Martin Ramirez,0.6091,2025-11-27T04:17:13.564828+00:00
38,Ana Martin Fernandez,0.5341,2025-11-27T04:11:13.564828+00:00
39,Ana Martin Martinez,0.1634,2025-11-27T04:06:13.564828+00:00
40,Ana Martin Hernandez,0.2699,2025-11-27T03:57:13.564828+00:00
41,Ana Andres Lopez,0.64,2025-11-27T03:22:13.564828+00:00
42,Ana Andres Rivera,0.2196,2025-11-27T03:46:13.564828+00:00
43,Ana Andres Gonzalez,0.8429,2025-11-27T04:01:13.564828+00:00
44,Ana Andres Torres,0.0559,2025-11-27T03:32:13.564828+00:00
45,Ana Andres Ramirez,0.0321,2025-11-27T03:29:13.564828+00:00
46,Ana Andres Fernandez,0.4012,2025-11-27T04:01:13.564828+00:00
47,Ana Andres Martinez,0.211,2025-11-27T04:17:13.564828+00:00
48,Ana Andres Hernandez,0.5672,2025-11-27T03:21:13.564828+00:00
49,Luis Isabel Lopez,0.3147,2025-11-27T03:36:13.564828+00:00
50,Luis Isabel Rivera,0.4992,2025-11-27T03:40:13.564828+00:00
51,Luis Isabel Gonzalez,0.9145,2025-11-27T03:25:13.564828+00:00
52,Luis Isabel Torres,0.1429,2025-11-27T03:52:13.564828+00:00
53,Luis Isabel Ramirez,0.2466,2025-11-27T04:13:13.564828+00:00
54,Luis Isabel Fernandez,0.539,2025-11-27T03:46:13.564828+00:00
55,Luis Isabel Martinez,0.5846,2025-11-27T03:34:13.564828+00:00
56,Luis Isabel Hernandez,0.5835,2025-11-27T03:24:13.564828+00:00
57,Luis Antonio Lopez,0.2193,2025-11-27T03:58:13.564828+00:00
58,Luis Antonio Rivera,0.5095,2025-11-27T04:13:13.564828+00:00
59,Luis Antonio Gonzalez,0.7558,2025-11-27T04:16:13.564828+00:00
60,Luis Antonio Torres,0.1096,2025-11-27T03:26:13.564828+00:00
61,Luis Antonio Ramirez,0.16,2025-11-27T03:41:13.564828+00:00
62,Luis Antonio Fernandez,0.4222,2025-11-27T03:38:13.564828+00:00
63,Luis Antonio Martinez,0.3848,2025-11-27T04:17:13.564828+00:00
64,Luis Antonio Hernandez,0.9961,2025-11-27T03:43:13.564828+00:00
65,Luis Raul Lopez,0.2514,2025-11-27T03:48:13.564828+00:00
66,Luis Raul Rivera,0.8608,2025-11-27T03:46:13.564828+00:00
67,Luis Raul Gonzalez,0.6803,2025-11-27T04:21:13.564828+00:00
68,Luis Raul Torres,0.6817,2025-11-27T04:14:13.564828+00:00
69,Luis Raul Ramirez,0.7509,2025-11-27T03:47:13.564828+00:00
70,Luis Raul Fernandez,0.641,2025-11-27T03:32:13.564828+00:00
71,Luis Raul Martinez,0.2935,2025-11-27T04:14:13.564828+00:00
72,Luis Raul Hernandez,0.4537,2025-11-27T04:11:13.564828+00:00
73,Luis Elena Lopez,0.8759,2025-11-27T03:35:13.564828+00:00
74,Luis Elena Rivera,0.9719,2025-11-27T04:05:13.564828+00:00
75,Luis Elena Gonzalez,0.1787,2025-11-27T03:33:13.564828+00:00
76,Luis Elena Torres,0.1064,2025-11-27T03:23:13.564828+00:00
77,Luis Elena Ramirez,0.2984,2025-11-27T03:41:13.564828+00:00
78,Luis Elena Fernandez,0.5077,2025-11-27T03:41:13.564828+00:00
79,Luis Elena Martinez,0.1528,2025-11-27T04:09:13.564828+00:00
80,Luis Elena Hernandez,0.1615,2025-11-27T03:33:13.564828+00:00
81,Luis Martin Lopez,0.9224,2025-11-27T03:32:13.564828+00:00
82,Luis Martin Rivera,0.0006,2025-11-27T03:23:13.564828+00:00
83,Luis Martin Gonzalez,0.4886,2025-11-27T04:01:13.564828+00:00
84,Luis Martin Torres,0.9291,2025-11-27T04:14:13.564828+00:00
85,Luis Martin Ramirez,0.9853,2025-11-27T03:25:13.564828+00:00
86,Luis Martin Fernandez,0.3075,2025-11-27T03:30:13.564828+00:00
87,Luis Martin Martinez,0.2409,2025-11-27T04:18:13.564828+00:00
88,Luis Martin Hernandez,0.9469,2025-11-27T03:45:13.564828+00:00
89,Luis Andres Lopez,0.7319,2025-11-27T04:16:13.564828+00:00
90,Luis Andres Rivera,0.0692,2025-11-27T03:29:13.564828+00:00
91,Luis Andres Gonzalez,0.5327,2025-11-27T03:33:13.564828+00:00
92,Luis Andres Torres,0.1284,2025-11-27T04:13:13.564828+00:00
93,Luis Andres Ramirez,0.9468,2025-11-27T03:51:13.564828+00:00
94,Luis Andres Fernandez,0.2651,2025-11-27T04:11:13.564828+00:00
95,Luis Andres Martinez,0.6066,2025-11-27T03:26:13.564828+00:00
96,Luis Andres Hernandez,0.9289,2025-11-27T04:08:13.564828+00:00
97,Carla Isabel Lopez,0.7299,2025-11-27T03:33:13.564828+00:00
98,Carla Isabel Rivera,0.7129,2025-11-27T04:09:13.564828+00:00
99,Carla Isabel Gonzalez,0.9951,2025-11-27T03:56:13.564828+00:00
100,Carla Isabel Torres,0.3734,2025-11-27T03:40:13.564828+00:00
101,Carla Isabel Ramirez,0.5176,2025-11-27T03:24:13.564828+00:00
102,Carla Isabel Fernandez,0.2479,2025-11-27T04:14:13.564828+00:00
103,Carla Isabel Martinez,0.3381,2025-11-27T04:17:13.564828+00:00
104,Carla Isabel Hernandez,0.5539,2025-11-27T03:44:13.564828+00:00
105,Carla Antonio Lopez,0.2202,2025-11-27T03:44:13.564828+00:00
106,Carla Antonio Rivera,0.7078,2025-11-27T04:17:13.564828+00:00
107,Carla Antonio Gonzalez,0.2289,2025-11-27T04:18:13.564828+00:00
108,Carla Antonio Torres,0.0314,2025-11-27T03:24:13.564828+00:00
109,Carla Antonio Ramirez,0.0709,2025-11-27T04:00:13.564828+00:00
110,Carla Antonio Fernandez,0.2785,2025-11-27T04:06:13.564828+00:00
111,Carla Antonio Martinez,0.2142,2025-11-27T03:50:13.564828+00:00
112,Carla Antonio Hernandez,0.7234,2025-11-27T04:13:13.564828+00:00
113,Carla Raul Lopez,0.571,2025-11-27T03:25:13.564828+00:00
114,Carla Raul Rivera,0.243,2025-11-27T03:51:13.564828+00:00
115,Carla Raul Gonzalez,0.8075,2025-11-27T03:51:13.564828+00:00
116,Carla Raul Torres,0.0943,2025-11-27T04:09:13.564828+00:00
117,Carla Raul Ramirez,0.4311,2025-11-27T03:39:13.564828+00:00
118,Carla Raul Fernandez,0.4111,2025-11-27T03:54:13.564828+00:00
119,Carla Raul Martinez,0.7291,2025-11-27T03:26:13.564828+00:00
120,Carla Raul Hernandez,0.6535,2025-11-27T03:38:13.564828+00:00
121,Carla Elena Lopez,0.0984,2025-11-27T03:40:13.564828+00:00
122,Carla Elena Rivera,0.7282,2025-11-27T03:56:13.564828+00:00
123,Carla Elena Gonzalez,0.8617,2025-11-27T03:30:13.564828+00:00
124,Carla Elena Torres,0.1916,2025-11-27T04:06:13.564828+00:00
125,Carla Elena Ramirez,0.4486,2025-11-27T03:47:13.564828+00:00
126,Carla Elena Fernandez,0.1835,2025-11-27T03:54:13.564828+00:00
127,Carla Elena Martinez,0.2498,2025-11-27T03:52:13.564828+00:00
128,Carla Elena Hernandez,0.0754,2025-11-27T03:22:13.564828+00:00
129,Carla Martin Lopez,0.8613,2025-11-27T03:30:13.564828+00:00
130,Carla Martin Rivera,0.0979,2025-11-27T03:46:13.564828+00:00
131,Carla Martin Gonzalez,0.9993,2025-11-27T03:40:13.564828+00:00
132,Carla Martin Torres,0.0148,2025-11-27T03:28:13.564828+00:00
133,Carla Martin Ramirez,0.9264,2025-11-27T04:16:13.564828+00:00
134,Carla Martin Fernandez,0.2364,2025-11-27T03:27:13.564828+00:00
135,Carla Martin Martinez,0.4856,2025-11-27T03:55:13.564828+00:00
136,Carla Martin Hernandez,0.8647,2025-11-27T04:08:13.564828+00:00
137,Carla Andres Lopez,0.0586,2025-11-27T03:24:13.564828+00:00
138,Carla Andres Rivera,0.0022,2025-11-27T03:57:13.564828+00:00
139,Carla Andres Gonzalez,0.2652,2025-11-27T03:57:13.564828+00:00
140,Carla Andres Torres,0.7851,2025-11-27T03:31:13.564828+00:00
141,Carla Andres Ramirez,0.423,2025-11-27T04:03:13.564828+00:00
142,Carla Andres Fernandez,0.9954,2025-11-27T03:35:13.564828+00:00
143,Carla Andres Martinez,0.6619,2025-11-27T03:46:13.564828+00:00
144,Carla Andres Hernandez,0.1548,2025-11-27T03:50:13.564828+00:00
145,Miguel Isabel Lopez,0.2177,2025-11-27T04:03:13.564828+00:00
146,Miguel Isabel Rivera,0.5792,2025-11-27T04:18:13.564828+00:00
147,Miguel Isabel Gonzalez,0.061,2025-11-27T03:47:13.564828+00:00
148,Miguel Isabel Torres,0.0572,2025-11-27T04:01:13.564828+00:00
149,Miguel Isabel Ramirez,0.4768,2025-11-27T03:44:13.564828+00:00
150,Miguel Isabel Fernandez,0.8527,2025-11-27T03:23:13.564828+00:00
151,Miguel Isabel Martinez,0.0569,2025-11-27T04:11:13.564828+00:00
152,Miguel Isabel Hernandez,0.0801,2025-11-27T03:49:13.564828+00:00
153,Miguel Antonio Lopez,0.0685,2025-11-27T04:10:13.564828+00:00
154,Miguel Antonio Rivera,0.6752,2025-11-27T04:17:13.564828+00:00
155,Miguel Antonio Gonzalez,0.4038,2025-11-27T04:06:13.564828+00:00
156,Miguel Antonio Torres,0.8903,2025-11-27T03:21:13.564828+00:00
157,Miguel Antonio Ramirez,0.5789,2025-11-27T04:06:13.564828+00:00
158,Miguel Antonio Fernandez,0.6194,2025-11-27T04:19:13.564828+00:00
159,Miguel Antonio Martinez,0.6574,2025-11-27T03:55:13.564828+00:00
160,Miguel Antonio Hernandez,0.5228,2025-11-27T03:45:13.564828+00:00
161,Miguel Raul Lopez,0.2608,2025-11-27T03:22:13.564828+00:00
162,Miguel Raul Rivera,0.7162,2025-11-27T03:39:13.564828+00:00
163,Miguel Raul Gonzalez,0.2656,2025-11-27T04:06:13.564828+00:00
164,Miguel Raul Torres,0.6717,2025-11-27T04:13:13.564828+00:00
165,Miguel Raul Ramirez,0.4572,2025-11-27T04:02:13.564828+00:00
166,Miguel Raul Fernandez,0.7519,2025-11-27T03:22:13.564828+00:00
167,Miguel Raul Martinez,0.0093,2025-11-27T04:17:13.564828+00:00
168,Miguel Raul Hernandez,0.9985,2025-11-27T03:42:13.564828+00:00
169,Miguel Elena Lopez,0.0733,2025-11-27T04:15:13.564828+00:00
170,Miguel Elena Rivera,0.5059,2025-11-27T04:08:13.564828+00:00
171,Miguel Elena Gonzalez,0.9333,2025-11-27T04:13:13.564828+00:00
172,Miguel Elena Torres,0.0688,2025-11-27T03:25:13.564828+00:00
173,Miguel Elena Ramirez,0.3695,2025-11-27T04:06:13.564828+00:00
174,Miguel Elena Fernandez,0.4382,2025-11-27T04:11:13.564828+00:00
175,Miguel Elena Martinez,0.7035,2025-11-27T03:47:13.564828+00:00
176,Miguel Elena Hernandez,0.9839,2025-11-27T03:42:13.564828+00:00
177,Miguel Martin Lopez,0.654,2025-11-27T03:30:13.564828+00:00
178,Miguel Martin Rivera,0.6679,2025-11-27T04:21:13.564828+00:00
179,Miguel Martin Gonzalez,0.2994,2025-11-27T03:46:13.564828+00:00
180,Miguel Martin Torres,0.1036,2025-11-27T03:39:13.564828+00:00
181,Miguel Martin Ramirez,0.1343,2025-11-27T03:25:13.564828+00:00
182,Miguel Martin Fernandez,0.8897,2025-11-27T04:14:13.564828+00:00
183,Miguel Martin Martinez,0.5532,2025-11-27T03:34:13.564828+00:00
184,Miguel Martin Hernandez,0.2818,2025-11-27T04:04:13.564828+00:00
185,Miguel Andres Lopez,0.7176,2025-11-27T04:08:13.564828+00:00
186,Miguel Andres Rivera,0.6875,2025-11-27T04:08:13.564828+00:00
187,Miguel Andres Gonzalez,0.264,2025-11-27T03:27:13.564828+00:00
188,Miguel Andres Torres,0.2511,2025-11-27T03:50:13.564828+00:00
189,Miguel Andres Ramirez,0.8461,2025-11-27T03:23:13.564828+00:00
190,Miguel Andres Fernandez,0.6343,2025-11-27T04:16:13.564828+00:00
191,Miguel Andres Martinez,0.2767,2025-11-27T03:28:13.564828+00:00
192,Miguel Andres Hernandez,0.3336,2025-11-27T04:21:13.564828+00:00
193,Sofia Isabel Lopez,0.6371,2025-11-27T04:13:13.564828+00:00
194,Sofia Isabel Rivera,0.1616,2025-11-27T04:05:13.564828+00:00
195,Sofia Isabel Gonzalez,0.5517,2025-11-27T03:53:13.564828+00:00
196,Sofia Isabel Torres,0.5609,2025-11-27T03:54:13.564828+00:00
197,Sofia Isabel Ramirez,0.0752,2025-11-27T04:14:13.564828+00:00
198,Sofia Isabel Fernandez,0.691,2025-11-27T03:25:13.564828+00:00
199,Sofia Isabel Martinez,0.5456,2025-11-27T04:12:13.564828+00:00
200,Sofia Isabel Hernandez,0.3692,2025-11-27T03:28:13.564828+00:00
201,Sofia Antonio Lopez,0.1481,2025-11-27T03:46:13.564828+00:00
202,Sofia Antonio Rivera,0.0418,2025-11-27T04:13:13.564828+00:00
203,Sofia Antonio Gonzalez,0.899,2025-11-27T03:58:13.564828+00:00
204,Sofia Antonio Torres,0.9722,2025-11-27T03:31:13.564828+00:00
205,Sofia Antonio Ramirez,0.8989,2025-11-27T04:19:13.564828+00:00
206,Sofia Antonio Fernandez,0.6821,2025-11-27T04:08:13.564828+00:00
207,Sofia Antonio Martinez,0.1028,2025-11-27T03:39:13.564828+00:00
208,Sofia Antonio Hernandez,0.5599,2025-11-27T03:32:13.564828+00:00
209,Sofia Raul Lopez,0.4064,2025-11-27T03:26:13.564828+00:00
210,Sofia Raul Rivera,0.7495,2025-11-27T03:42:13.564828+00:00
211,Sofia Raul Gonzalez,0.9299,2025-11-27T03:22:13.564828+00:00
212,Sofia Raul Torres,0.1625,2025-11-27T03:26:13.564828+00:00
213,Sofia Raul Ramirez,0.8108,2025-11-27T03:30:13.564828+00:00
214,Sofia Raul Fernandez,0.4123,2025-11-27T03:25:13.564828+00:00
215,Sofia Raul Martinez,0.7366,2025-11-27T04:10:13.564828+00:00
216,Sofia Raul Hernandez,0.7824,2025-11-27T04:00:13.564828+00:00
217,Sofia Elena Lopez,0.8022,2025-11-27T03:55:13.564828+00:00
218,Sofia Elena Rivera,0.7351,2025-11-27T03:26:13.564828+00:00
219,Sofia Elena Gonzalez,0.2668,2025-11-27T04:06:13.564828+00:00
220,Sofia Elena Torres,0.7013,2025-11-27T03:31:13.564828+00:00
221,Sofia Elena Ramirez,0.8722,2025-11-27T03:57:13.564828+00:00
222,Sofia Elena Fernandez,0.4707,2025-11-27T03:27:13.564828+00:00
223,Sofia Elena Martinez,0.8166,2025-11-27T04:09:13.564828+00:00
224,Sofia Elena Hernandez,0.3497,2025-11-27T03:52:13.564828+00:00
225,Sofia Martin Lopez,0.7953,2025-11-27T03:29:13.564828+00:00
226,Sofia Martin Rivera,0.2229,2025-11-27T04:07:13.564828+00:00
227,Sofia Martin Gonzalez,0.1931,2025-11-27T03:39:13.564828+00:00
228,Sofia Martin Torres,0.2786,2025-11-27T04:00:13.564828+00:00
229,Sofia Martin Ramirez,0.9669,2025-11-27T04:17:13.564828+00:00
230,Sofia Martin Fernandez,0.3511,2025-11-27T04:04:13.564828+00:00
231,Sofia Martin Martinez,0.3997,2025-11-27T03:49:13.564828+00:00
232,Sofia Martin Hernandez,0.5362,2025-11-27T03:28:13.564828+00:00
233,Sofia Andres Lopez,0.0276,2025-11-27T03:21:13.564828+00:00
234,Sofia Andres Rivera,0.9704,2025-11-27T03:25:13.564828+00:00
235,Sofia Andres Gonzalez,0.5806,2025-11-27T04:10:13.564828+00:00
236,Sofia Andres Torres,0.0383,2025-11-27T04:05:13.564828+00:00
237,Sofia Andres Ramirez,0.4346,2025-11-27T03:43:13.564828+00:00
238,Sofia Andres Fernandez,0.7864,2025-11-27T03:35:13.564828+00:00
239,Sofia Andres Martinez,0.6062,2025-11-27T03:54:13.564828+00:00
240,Sofia Andres Hernandez,0.1156,2025-11-27T03:49:13.564828+00:00
241,Javier Isabel Lopez,0.5766,2025-11-27T03:24:13.564828+00:00
242,Javier Isabel Rivera,0.0444,2025-11-27T04:05:13.564828+00:00
243,Javier Isabel Gonzalez,0.0017,2025-11-27T03:54:13.564828+00:00
244,Javier Isabel Torres,0.8065,2025-11-27T03:22:13.564828+00:00
245,Javier Isabel Ramirez,0.7194,2025-11-27T03:38:13.564828+00:00
246,Javier Isabel Fernandez,0.737,2025-11-27T03:34:13.564828+00:00
247,Javier Isabel Martinez,0.3642,2025-11-27T04:09:13.564828+00:00
248,Javier Isabel Hernandez,0.9489,2025-11-27T04:17:13.564828+00:00
249,Javier Antonio Lopez,0.3302,2025-11-27T03:23:13.564828+00:00
250,Javier Antonio Rivera,0.6634,2025-11-27T04:01:13.564828+00:00
251,Javier Antonio Gonzalez,0.7198,2025-11-27T04:14:13.564828+00:00
252,Javier Antonio Torres,0.5071,2025-11-27T04:02:13.564828+00:00
253,Javier Antonio Ramirez,0.4084,2025-11-27T03:39:13.564828+00:00
254,Javier Antonio Fernandez,0.6972,2025-11-27T03:56:13.564828+00:00
255,Javier Antonio Martinez,0.1273,2025-11-27T03:46:13.564828+00:00
256,Javier Antonio Hernandez,0.6649,2025-11-27T03:55:13.564828+00:00
257,Javier Raul Lopez,0.6773,2025-11-27T03:57:13.564828+00:00
258,Javier Raul Rivera,0.174,2025-11-27T03:24:13.564828+00:00
259,Javier Raul Gonzalez,0.3009,2025-11-27T03:45:13.564828+00:00
260,Javier Raul Torres,0.8337,2025-11-27T03:46:13.564828+00:00
261,Javier Raul Ramirez,0.2869,2025-11-27T04:02:13.564828+00:00
262,Javier Raul Fernandez,0.7858,2025-11-27T03:54:13.564828+00:00
263,Javier Raul Martinez,0.6547,2025-11-27T03:43:13.564828+00:00
264,Javier Raul Hernandez,0.4418,2025-11-27T03:52:13.564828+00:00
265,Javier Elena Lopez,0.2137,2025-11-27T03:38:13.564828+00:00
266,Javier Elena Rivera,0.7937,2025-11-27T03:51:13.564828+00:00
267,Javier Elena Gonzalez,0.736,2025-11-27T03:31:13.564828+00:00
268,Javier Elena Torres,0.0848,2025-11-27T03:39:13.564828+00:00
269,Javier Elena Ramirez,0.6639,2025-11-27T03:49:13.564828+00:00
270,Javier Elena Fernandez,0.3352,2025-11-27T03:42:13.564828+00:00
271,Javier Elena Martinez,0.952,2025-11-27T03:29:13.564828+00:00
272,Javier Elena Hernandez,0.6728,2025-11-27T04:06:13.564828+00:00
273,Javier Martin Lopez,0.8066,2025-11-27T04:07:13.564828+00:00
274,Javier Martin Rivera,0.0244,2025-11-27T04:12:13.564828+00:00
275,Javier Martin Gonzalez,0.9839,2025-11-27T04:06:13.564828+00:00
276,Javier Martin Torres,0.8497,2025-11-27T03:42:13.564828+00:00
277,Javier Martin Ramirez,0.4554,2025-11-27T04:17:13.564828+00:00
278,Javier Martin Fernandez,0.6298,2025-11-27T03:25:13.564828+00:00
279,Javier Martin Martinez,0.7183,2025-11-27T04:09:13.564828+00:00
280,Javier Martin Hernandez,0.4944,2025-11-27T03:57:13.564828+00:00
281,Javier Andres Lopez,0.1476,2025-11-27T04:06:13.564828+00:00
282,Javier Andres Rivera,0.0055,2025-11-27T03:37:13.564828+00:00
283,Javier Andres Gonzalez,0.8604,2025-11-27T03:33:13.564828+00:00
284,Javier Andres Torres,0.1066,2025-11-27T03:25:13.564828+00:00
285,Javier Andres Ramirez,0.2188,2025-11-27T03:54:13.564828+00:00
286,Javier Andres Fernandez,0.958,2025-11-27T03:30:13.564828+00:00
287,Javier Andres Martinez,0.4645,2025-11-27T03:48:13.564828+00:00
288,Javier Andres Hernandez,0.2492,2025-11-27T03:46:13.564828+00:00
289,Lucia Isabel Lopez,0.1214,2025-11-27T03:27:13.564828+00:00
290,Lucia Isabel Rivera,0.8014,2025-11-27T04:13:13.564828+00:00
291,Lucia Isabel Gonzalez,0.5311,2025-11-27T03:39:13.564828+00:00
292,Lucia Isabel Torres,0.5955,2025-11-27T03:46:13.564828+00:00
293,Lucia Isabel Ramirez,0.7553,2025-11-27T03:21:13.564828+00:00
294,Lucia Isabel Fernandez,0.6127,2025-11-27T03:53:13.564828+00:00
295,Lucia Isabel Martinez,0.892,2025-11-27T03:35:13.564828+00:00
296,Lucia Isabel Hernandez,0.8306,2025-11-27T03:54:13.564828+00:00
297,Lucia Antonio Lopez,0.4459,2025-11-27T03:46:13.564828+00:00
298,Lucia Antonio Rivera,0.7437,2025-11-27T04:11:13.564828+00:00
299,Lucia Antonio Gonzalez,0.4501,2025-11-27T03:51:13.564828+00:00
300,Lucia Antonio Torres,0.2472,2025-11-27T03:33:13.564828+00:00
301,Lucia Antonio Ramirez,0.2773,2025-11-27T03:41:13.564828+00:00
302,Lucia Antonio Fernandez,0.5213,2025-11-27T03:32:13.564828+00:00
303,Lucia Antonio Martinez,0.2392,2025-11-27T03:41:13.564828+00:00
304,Lucia Antonio Hernandez,0.0775,2025-11-27T03:53:13.564828+00:00
305,Lucia Raul Lopez,0.2345,2025-11-27T04:03:13.564828+00:00
306,Lucia Raul Rivera,0.3197,2025-11-27T04:00:13.564828+00:00
307,Lucia Raul Gonzalez,0.0806,2025-11-27T03:47:13.564828+00:00
308,Lucia Raul Torres,0.2313,2025-11-27T04:12:13.564828+00:00
309,Lucia Raul Ramirez,0.1528,2025-11-27T03:37:13.564828+00:00
310,Lucia Raul Fernandez,0.0642,2025-11-27T04:08:13.564828+00:00
311,Lucia Raul Martinez,0.3309,2025-11-27T03:55:13.564828+00:00
312,Lucia Raul Hernandez,0.4158,2025-11-27T03:52:13.564828+00:00
313,Lucia Elena Lopez,0.8329,2025-11-27T04:08:13.564828+00:00
314,Lucia Elena Rivera,0.9048,2025-11-27T03:57:13.564828+00:00
315,Lucia Elena Gonzalez,0.9461,2025-11-27T03:44:13.564828+00:00
316,Lucia Elena Torres,0.8567,2025-11-27T04:20:13.564828+00:00
317,Lucia Elena Ramirez,0.5757,2025-11-27T03:33:13.564828+00:00
318,Lucia Elena Fernandez,0.0059,2025-11-27T03:51:13.564828+00:00
319,Lucia Elena Martinez,0.2986,2025-11-27T03:59:13.564828+00:00
320,Lucia Elena Hernandez,0.8534,2025-11-27T03:57:13.564828+00:00
321,Lucia Martin Lopez,0.419,2025-11-27T03:28:13.564828+00:00
322,Lucia Martin Rivera,0.7346,2025-11-27T03:34:13.564828+00:00
323,Lucia Martin Gonzalez,0.6033,2025-11-27T03:30:13.564828+00:00
324,Lucia Martin Torres,0.4882,2025-11-27T04:07:13.564828+00:00
325,Lucia Martin Ramirez,0.4358,2025-11-27T04:04:13.564828+00:00
326,Lucia Martin Fernandez,0.3889,2025-11-27T04:20:13.564828+00:00
327,Lucia Martin Martinez,0.6791,2025-11-27T03:39:13.564828+00:00
328,Lucia Martin Hernandez,0.7242,2025-11-27T03:56:13.564828+00:00
329,Lucia Andres Lopez,0.4674,2025-11-27T03:28:13.564828+00:00
330,Lucia Andres Rivera,0.9807,2025-11-27T04:13:13.564828+00:00
331,Lucia Andres Gonzalez,0.027,2025-11-27T03:47:13.564828+00:00
332,Lucia Andres Torres,0.5919,2025-11-27T03:56:13.564828+00:00
333,Lucia Andres Ramirez,0.0271,2025-11-27T03:39:13.564828+00:00
334,Lucia Andres Fernandez,0.4286,2025-11-27T03:40:13.564828+00:00
335,Lucia Andres Martinez,0.4617,2025-11-27T03:26:13.564828+00:00
336,Lucia Andres Hernandez,0.2602,2025-11-27T04:18:13.564828+00:00
337,Pedro Isabel Lopez,0.2117,2025-11-27T04:01:13.564828+00:00
338,Pedro Isabel Rivera,0.3375,2025-11-27T04:01:13.564828+00:00
339,Pedro Isabel Gonzalez,0.3791,2025-11-27T03:25:13.564828+00:00
340,Pedro Isabel Torres,0.9512,2025-11-27T03:33:13.564828+00:00
341,Pedro Isabel Ramirez,0.2523,2025-11-27T03:55:13.564828+00:00
342,Pedro Isabel Fernandez,0.4703,2025-11-27T04:16:13.564828+00:00
343,Pedro Isabel Martinez,0.5394,2025-11-27T03:34:13.564828+00:00
344,Pedro Isabel Hernandez,0.35,2025-11-27T03:21:13.564828+00:00
345,Pedro Antonio Lopez,0.0686,2025-11-27T03:40:13.564828+00:00
346,Pedro Antonio Rivera,0.0403,2025-11-27T03:40:13.564828+00:00
347,Pedro Antonio Gonzalez,0.9496,2025-11-27T04:20:13.564828+00:00
348,Pedro Antonio Torres,0.8392,2025-11-27T04:09:13.564828+00:00
349,Pedro Antonio Ramirez,0.1524,2025-11-27T03:42:13.564828+00:00
350,Pedro Antonio Fernandez,0.4736,2025-11-27T04:13:13.564828+00:00
351,Pedro Antonio Martinez,0.564,2025-11-27T04:14:13.564828+00:00
352,Pedro Antonio Hernandez,0.465,2025-11-27T04:08:13.564828+00:00
353,Pedro Raul Lopez,0.7669,2025-11-27T04:05:13.564828+00:00
354,Pedro Raul Rivera,0.6059,2025-11-27T04:11:13.564828+00:00
355,Pedro Raul Gonzalez,0.7184,2025-11-27T03:34:13.564828+00:00
356,Pedro Raul Torres,0.8193,2025-11-27T03:32:13.564828+00:00
357,Pedro Raul Ramirez,0.1081,2025-11-27T04:02:13.564828+00:00
358,Pedro Raul Fernandez,0.9289,2025-11-27T04:20:13.564828+00:00
359,Pedro Raul Martinez,0.6773,2025-11-27T03:45:13.564828+00:00
360,Pedro Raul Hernandez,0.3967,2025-11-27T03:57:13.564828+00:00
361,Pedro Elena Lopez,0.1983,2025-11-27T03:36:13.564828+00:00
362,Pedro Elena Rivera,0.6906,2025-11-27T03:44:13.564828+00:00
363,Pedro Elena Gonzalez,0.2428,2025-11-27T03:41:13.564828+00:00
364,Pedro Elena Torres,0.7725,2025-11-27T03:37:13.564828+00:00
365,Pedro Elena Ramirez,0.6843,2025-11-27T03:27:13.564828+00:00
366,Pedro Elena Fernandez,0.1211,2025-11-27T03:30:13.564828+00:00
367,Pedro Elena Martinez,0.7826,2025-11-27T03:45:13.564828+00:00
368,Pedro Elena Hernandez,0.5327,2025-11-27T03:59:13.564828+00:00
369,Pedro Martin Lopez,0.3706,2025-11-27T03:39:13.564828+00:00
370,Pedro Martin Rivera,0.6475,2025-11-27T03:49:13.564828+00:00
371,Pedro Martin Gonzalez,0.8496,2025-11-27T04:21:13.564828+00:00
372,Pedro Martin Torres,0.4902,2025-11-27T03:29:13.564828+00:00
373,Pedro Martin Ramirez,0.9608,2025-11-27T03:54:13.564828+00:00
374,Pedro Martin Fernandez,0.8916,2025-11-27T03:41:13.564828+00:00
375,Pedro Martin Martinez,0.7073,2025-11-27T03:52:13.564828+00:00
376,Pedro Martin Hernandez,0.1761,2025-11-27T03:54:13.564828+00:00
377,Pedro Andres Lopez,0.9655,2025-11-27T03:48:13.564828+00:00
378,Pedro Andres Rivera,0.6159,2025-11-27T04:04:13.564828+00:00
379,Pedro Andres Gonzalez,0.5382,2025-11-27T03:23:13.564828+00:00
380,Pedro Andres Torres,0.4649,2025-11-27T03:51:13.564828+00:00
381,Pedro Andres Ramirez,0.731,2025-11-27T03:29:13.564828+00:00
382,Pedro Andres Fernandez,0.3223,2025-11-27T04:04:13.564828+00:00
383,Pedro Andres Martinez,0.8307,2025-11-27T04:06:13.564828+00:00
384,Pedro Andres Hernandez,0.2789,2025-11-27T04:16:13.564828+00:00
385,Mariana Isabel Lopez,0.2439,2025-11-27T03:53:13.564828+00:00
386,Mariana Isabel Rivera,0.5698,2025-11-27T03:52:13.564828+00:00
387,Mariana Isabel Gonzalez,0.379,2025-11-27T03:39:13.564828+00:00
388,Mariana Isabel Torres,0.4943,2025-11-27T04:20:13.564828+00:00
389,Mariana Isabel Ramirez,0.1818,2025-11-27T04:01:13.564828+00:00
390,Mariana Isabel Fernandez,0.3548,2025-11-27T04:08:13.564828+00:00
391,Mariana Isabel Martinez,0.3403,2025-11-27T04:05:13.564828+00:00
392,Mariana Isabel Hernandez,0.5962,2025-11-27T03:25:13.564828+00:00
393,Mariana Antonio Lopez,0.2763,2025-11-27T03:25:13.564828+00:00
394,Mariana Antonio Rivera,0.5166,2025-11-27T04:21:13.564828+00:00
395,Mariana Antonio Gonzalez,0.0856,2025-11-27T04:09:13.564828+00:00
396,Mariana Antonio Torres,0.4064,2025-11-27T03:35:13.564828+00:00
397,Mariana Antonio Ramirez,0.7582,2025-11-27T03:46:13.564828+00:00
398,Mariana Antonio Fernandez,0.4761,2025-11-27T03:37:13.564828+00:00
399,Mariana Antonio Martinez,0.4908,2025-11-27T03:36:13.564828+00:00
400,Mariana Antonio Hernandez,0.0172,2025-11-27T03:31:13.564828+00:00
401,Mariana Raul Lopez,0.2216,2025-11-27T04:03:13.564828+00:00
402,Mariana Raul Rivera,0.2433,2025-11-27T03:37:13.564828+00:00
403,Mariana Raul Gonzalez,0.5816,2025-11-27T03:39:13.564828+00:00
404,Mariana Raul Torres,0.5535,2025-11-27T03:51:13.564828+00:00
405,Mariana Raul Ramirez,0.4255,2025-11-27T03:59:13.564828+00:00
406,Mariana Raul Fernandez,0.5504,2025-11-27T03:34:13.564828+00:00
407,Mariana Raul Martinez,0.7029,2025-11-27T03:59:13.564828+00:00
408,Mariana Raul Hernandez,0.3066,2025-11-27T04:04:13.564828+00:00
409,Mariana Elena Lopez,0.1207,2025-11-27T04:07:13.564828+00:00
410,Mariana Elena Rivera,0.3155,2025-11-27T04:09:13.564828+00:00
411,Mariana Elena Gonzalez,0.5359,2025-11-27T03:34:13.564828+00:00
412,Mariana Elena Torres,0.6902,2025-11-27T03:33:13.564828+00:00
413,Mariana Elena Ramirez,0.2164,2025-11-27T04:09:13.564828+00:00
414,Mariana Elena Fernandez,0.2765,2025-11-27T03:51:13.564828+00:00
415,Mariana Elena Martinez,0.9766,2025-11-27T03:44:13.564828+00:00
416,Mariana Elena Hernandez,0.5968,2025-11-27T03:48:13.564828+00:00
417,Mariana Martin Lopez,0.8326,2025-11-27T04:15:13.564828+00:00
418,Mariana Martin Rivera,0.2275,2025-11-27T04:03:13.564828+00:00
419,Mariana Martin Gonzalez,0.3023,2025-11-27T04:10:13.564828+00:00
420,Mariana Martin Torres,0.5341,2025-11-27T03:36:13.564828+00:00
421,Mariana Martin Ramirez,0.0455,2025-11-27T04:04:13.564828+00:00
422,Mariana Martin Fernandez,0.5534,2025-11-27T04:18:13.564828+00:00
423,Mariana Martin Martinez,0.9441,2025-11-27T03:37:13.564828+00:00
424,Mariana Martin Hernandez,0.8685,2025-11-27T03:41:13.564828+00:00
425,Mariana Andres Lopez,0.1026,2025-11-27T03:50:13.564828+00:00
426,Mariana Andres Rivera,0.5741,2025-11-27T04:21:13.564828+00:00
427,Mariana Andres Gonzalez,0.4787,2025-11-27T03:51:13.564828+00:00
428,Mariana Andres Torres,0.1844,2025-11-27T04:00:13.564828+00:00
429,Mariana Andres Ramirez,0.2525,2025-11-27T04:18:13.564828+00:00
430,Mariana Andres Fernandez,0.4777,2025-11-27T03:26:13.564828+00:00
431,Mariana Andres Martinez,0.0653,2025-11-27T03:29:13.564828+00:00
432,Mariana Andres Hernandez,0.0741,2025-11-27T03:50:13.564828+00:00
